{"cameraMode":{"drawMode":0,"name":"Shaded","section":"Shading Mode"},"sceneLighting":true,"audioPlay":false,"sceneViewState":{"m_AlwaysRefresh":false,"showFog":true,"showSkybox":true,"showFlares":true,"showImageEffects":true,"showParticleSystems":true,"showVisualEffectGraphs":true,"m_FxEnabled":true},"in2DMode":false,"pivot":{"x":-3.589324474334717,"y":1.2304742336273194,"z":0.2944079041481018},"rotation":{"x":0.13165293633937837,"y":-0.41857579350471499,"z":0.06146692484617233,"w":0.8964967131614685},"size":0.7175385355949402,"orthographic":false}